konto	bilo	sega
001	Гудвил (Goodwil)	Гудвил (Goodwill)
0083	Вредносно усогласување на goodwil	Вредносно усогласување на goodwill
0093	Акумулирана амортизација за Goodwil	Акумулирана амортизација за Goodwill
01002	Замјиште под градежни објекти	Земјиште под градежни објекти
0106	Посебни земјишта (за депонии, за отпад, ѓубре згура и слично, чисто необработено и незасадено земјиште и каменоари)	Посебни земјишта (за депонии, за отпад, ѓубре згура и слично, чисто необработено и незасадено земјиште и каменоломи)
0114	Патишта, надвозници, мостови, виjадукти, патеки, огради, гаражи, паркинзи, железнички пруги, рампи тунели жичари и сл.	Патишта, надвозници, мостови, виадукти, патеки, огради, гаражи, паркинзи, железнички пруги, рампи тунели жичари и сл.
0115	Цевководи, далеководи, насипи, канали, водоводи, канализациони и други сестеми	Цевководи, далеководи, насипи, канали, водоводи, канализациони и други системи
012100	мебел,алат, канцелариски и ситен инвентар	Мебел, алат, канцелариски и ситен инвентар
01211	Канцелариска опрема (фотокопири, телефони, скенери, сефови, уреди за климатизација, телевизори, ДВД музички системи и сл	Канцелариска опрема (фотокопири, телефони, скенери, сефови, уреди за климатизација, телевизори, ДВД музички системи и сл.)
01212	Телекомуникациска опрема (телефонски централи со телефони, телефакс, телепринтери,антени, модели, мобилни апарати и сл.)	Телекомуникациска опрема (телефонски централи со телефони, телефакс, телепринтери, антени, модели, мобилни апарати и сл.)
01217	Земјоделска опрема (за обработка на земјиштето, опрема во млекарството, рибарството, овоштарството, лозарството, сточарс	Земјоделска опрема (за обработка на земјиштето, опрема во млекарството, рибарството, овоштарството, лозарството, сточарството)
0186	Вредносно усогласување на аванси за набавка на материјални стедства	Вредносно усогласување на аванси за набавка на материјални средства
019001	акумулирана амортизација на мебел и канцелариски материјал	Акумулирана амортизација на мебел и канцелариски материјал
0271	Аванси за вкожување во градежни објекти	Аванси за вложување во градежни објекти
031	Вложувања во придружни друштва и заеднички контролирани друштва	Вложувања во придружни друштва и заеднички контролирани друштва (учество во заеднички вложувања)
0360	Хартии од вредност со кои се тргува (акции, обврзници, благајнички записи и др.кои се набавени да се продадат за добивка	Хартии од вредност со кои се тргува (акции, обврзници, благајнички записи и др. кои се набавени да се продадат за добивка)
0400	Побарувања на матични и зависни дтуштва врз основа на испорака на добра и услуги	Побарувања на матични и зависни друштва врз основа на испорака на добра и услуги
04101	Побарувања врз основа на продажба на нетекновни средства на кредит	Побарувања врз основа на продажба на нетековни средства на кредит
04111	Побарувања врз основа на продажба на нетекновни средства на кредит	Побарувања врз основа на продажба на нетековни средства на кредит
1	ПАРИЧНИ СРЕДСТВА, ХАРТИИ ОД ВРЕДНОСТ, КРАТКОРОЧНИ ПОБАРУВАЊА	ПАРИЧНИ СРЕДСТВА, ХАРТИИ ОД ВРЕДНОСТ, КРАТКОРОЧНИ ПОБАРУВАЊА И ПЛАТЕНИ ТРОШОЦИ ЗА ИДНИ ПЕРИОДИ И ПРЕСМЕТАНИ ПРИХОДИ
1039	преодна девизна сметка	Преодна девизна сметка
1120	Побарувања од маричи и зависни друштва за аванси, депозити и кауции во земјата	Побарувања од матични и зависни друштва за аванси, депозити и кауции во земјата
1202	Побарувања од купувачи од продазба на добра и услуги врз основа на платежни картички	Побарувања од купувачи од продажба на добра и услуги врз основа на платежни картички
1222	Побарувања за дадеки кауции во земјата	Побарувања за дадени кауции во земјата
1249	Побарувања од друго специфично раборење	Побарувања од друго специфично работење
133	Побарувања за повеќе платен данок на добивка, данок на вкупен приход и данок на приход платен на странско правно лице (	Побарувања за повеќе платен данок на добивка, данок на вкупен приход и данок на приход платен на странско правно лице (задржан данок)
1332	Побарувања за повеќе платен данок на проход платен на странско правно лице (задржан данок)	Побарувања за повеќе платен данок на приход платен на странско правно лице (задржан данок)
1340	Побарувања за повеќе платен персонален данок на плата и надоместои на плата	Побарувања за повеќе платен персонален данок на плата и надоместоци на плата
1350	Побарувања за повеќе платен придонес за задолжително пензиско и инвалитско осигурување	Побарувања за повеќе платен придонес за задолжително пензиско и инвалидско осигурување
1352	Побарувања за повеќе платен дополнителен придонес за здравствено осигурување во случај на повреда на работа и проф. забол	Побарувања за повеќе платен дополнителен придонес за здравствено осигурување во случај на повреда на работа и професионално заболување
137	Побарувања за регресс, субвенции, премии и други државни поддршки	Побарувања за регрес, субвенции, премии и други државни поддршки
1451	Побарувања од вработените врз основа на користење на одморалишта и слично	Побарувања од вработените врз основа на користење на одмаралишта и слично
151	Побарувања за тантиеми (надомесоци за користење патенти, знаци и авторски права)	Побарувања за тантиеми (надоместоци за користење патенти, знаци и авторски права)
1615	Дел од долгорочни кредити  и заеми од други поврзани друштва кои доспеваат за плаќање до една година	Дел од долгорочни кредити и заеми од други поврзани друштва кои доспеваат за плаќање до една година
1622	Краткорочни потрошувачки  кредити	Краткорочни потрошувачки кредити
1681	Побарувања од краткорочни ескотни работи	Побарувања од краткорочни есконтни работи
19	ПЛАТЕНИ ТРОШОЦИ ЗА ИДНИ ПЕРИОДИ И ПРЕСМЕТАНИ ПРИХОДИ(АВР)	ПЛАТЕНИ ТРОШОЦИ ЗА ИДНИ ПЕРИОДИ И ПРЕСМЕТАНИ ПРИХОДИ (АВР)
192	Однапред платени надоместци за концесија	Однапред платени надоместоци за концесија
2	ОБВРСКИ, РЕЗЕРВИРАЊА ЗА ТРОШОЦИ И РИЗИЦИ,	ОБВРСКИ, РЕЗЕРВИРАЊА ЗА ТРОШОЦИ И РИЗИЦИ, ОДЛОЖЕНИ ПЛАЌАЊА И ПРИХОДИ ЗА ИДНИ ПЕРИОДИ
2205	Обврски спрема добавувачи во земјата  - граѓани - кооперанти	Обврски спрема добавувачи во земјата - граѓани - кооперанти
2206	Обврски спрема добавувачи за набавка на нетековни средства (нематеријални  и материјални средства)	Обврски спрема добавувачи за набавка на нетековни средства (нематеријални и материјални средства)
2242	Обврски врз основа на комисиона и консигнациона  продажба	Обврски врз основа на комисиона и консигнациона продажба
2301	Обврски за данок на додадена вредност по излезни фактури за продадени добра и извршени услуги по повластена даноч. стап	Обврски за данок на додадена вредност по излезни фактури за продадени добра и извршени услуги по повластена даночна стапка
2302	Обврски за данок на додадена вредност за  добра и услуги за вработените, сопствениците и блиски лица	Обврски за данок на додадена вредност за добра и услуги за вработените, сопствениците и блиски лица
23020	Данок на додадена вредност  по општа даночна стапка	Данок на додадена вредност по општа даночна стапка
23021	Данок на додадена вредност  по повластена даночна стапка	Данок на додадена вредност по повластена даночна стапка
2305	Обврски за данок на додадена вредност за друга крајна потрошувачка(репрезентација, кало растур, кршење, кусок на добра)	Обврски за данок на додадена вредност за друга крајна потрошувачка (репрезентација, кало, растур, кршење, кусок на добра)
23051	Данок на додадена вредност  по повластена даночна стапка	Данок на додадена вредност по повластена даночна стапка
2341	Обврски за придонес за задолжително пензиско и инвалитско осигурување	Обврски за придонес за задолжително пензиско и инвалидско осигурување
23501	Обврски за персонален данок на надомести и награди на членови на управни и надзорни одбори, одбор на директори и управит	Обврски за персонален данок на надоместоци и награди на членови на управни и надзорни одбори, одбор на директори и управители
237	Обврски за данок на непризнатирасходи и помалку искажани приходи	Обврски за данок на непризнати расходи и помалку искажани приходи
241	Обврски за надоместоцина трошоците на вработените	Обврски за надоместоци на трошоците на вработените
2507	Обврски за премии  за откуп на стаж за пензија	Обврски за премии за откуп на стаж за пензија
2520	Обврски за договот за дело	Обврски за договор за дело
2542	Обврски за дивиденди спрема физички  лица (домашни и странски)	Обврски за дивиденди спрема физички лица (домашни и странски)
2604	Дел од долгорочни кредити и заеми који доспеваат за плаќање до една година од матични и зависни друштва во земјата	Дел од долгорочни кредити и заеми кои доспеваат за плаќање до една година од матични и зависни друштва во земјата
2605	Дел од долгорочни кредити и заеми који доспеваат за плаќање до една година од други поврзани друштва во земјата	Дел од долгорочни кредити и заеми кои доспеваат за плаќање до една година од други поврзани друштва во земјата
2614	Дел од долгорочни кредити и заеми који доспеваат за плаќање до една година од матични и зависни друштва од странство	Дел од долгорочни кредити и заеми кои доспеваат за плаќање до една година од матични и зависни друштва од странство
2615	Дел од долгорочни кредити и заеми који доспеваат за плаќање до една година од други поврзани друштва од странство	Дел од долгорочни кредити и заеми кои доспеваат за плаќање до една година од други поврзани друштва од странство
2625	Дел од долгорочни кредити и заеми који доспеваат за плаќање до една година	Дел од долгорочни кредити и заеми кои доспеваат за плаќање до една година
2635	Дел од долгорочни кредити и заеми који доспеваат за плаќање до една година	Дел од долгорочни кредити и заеми кои доспеваат за плаќање до една година
264	Обврски врз основа на издадени хартии од вредност који се чуваат до доспевање	Обврски врз основа на издадени хартии од вредност кои се чуваат до доспевање
267	Обврски врз основа на нетековни средства који се чуваат за продажба и прекинато работење	Обврски врз основа на нетековни средства кои се чуваат за продажба и прекинато работење
2670	Обврски врз основа на нетековни средства који се чуват за продажба	Обврски врз основа на нетековни средства кои се чуваат за продажба
269	Обврски врз основа на останатикраткорочни финансиски средства	Обврски врз основа на останати краткорочни финансиски средства
2802	Долгорочни обврски од поврзани друштва  врз основа на набавка на добра и услуги од странство	Долгорочни обврски од поврзани друштва врз основа на набавка на добра и услуги од странство
28030	Долгорочни обврски од матични и зависни друштва за камати од среанство	Долгорочни обврски од матични и зависни друштва за камати од средство
284	Долгорочни обврски за примени аванси, депозити и кауции во земјата истранство	Долгорочни обврски за примени аванси, депозити и кауции во земјата и странство
28540	Долгорочни обврски врз основа на финансиски лизинг  од матични и зависни друштва во земјата	Долгорочни обврски врз основа на финансиски лизинг од матични и зависни друштва во земјата
28550	Долгорочни обврски врз основа на финансиски лизинг  од матични и зависни друштва од странство	Долгорочни обврски врз основа на финансиски лизинг од матични и зависни друштва од странство
2873	Обврски врз основа на останати долгорочни  хартии од вредност	Обврски врз основа на останати долгорочни хартии од вредност
29	ОДЛОЖЕНИ ПЛАЌАЊА НА ТРОШОЦИ И ПРИХОДИ НА ИДНИ ПЕРИОДИ(ПВР)	ОДЛОЖЕНИ ПЛАЌАЊА НА ТРОШОЦИ И ПРИХОДИ НА ИДНИ ПЕРИОДИ (ПВР)
2942	Одложено признавање на приходи за пднапред платени субвенции	Одложено признавање на приходи за однапред платени субвенции
32002	Резервни делови за тековно и ннвестиционо одржување	Резервни делови за тековно и инвестиционо одржување
3540	Залика на автогуми	Залиха на автогуми
40	ТРОШОЦИ ЗА СУРОВИНИ, МАТЕРИЈАЛИ, ЕНЕРГИЈА,РЕЗЕРВНИ ДЕЛОВИ И СИТЕН ИНВЕНТАР	ТРОШОЦИ ЗА СУРОВИНИ, МАТЕРИЈАЛИ, ЕНЕРГИЈА, РЕЗЕРВНИ ДЕЛОВИ И СИТЕН ИНВЕНТАР
4029	Останати трошоци за енергија  за производство за добра и услуги	Останати трошоци за енергија за производство за добра и услуги
4039	Останати трошоци за енергија  за администрација управа и продажба	Останати трошоци за енергија за администрација управа и продажба
408	Трошоци за ситен инвентар, амбалажа и автогуми (за администрација,управа и продажба)	Трошоци за ситен инвентар, амбалажа и автогуми (за администрација, управа и продажба)
4103	Транспортни услуги во воденият сообраќај	Транспортни услуги во водниот сообраќај
4153	 Одржување на зеленило	Одржување на зеленило
4154	Одржување и прочистување на отпадоци и атмосверски води	Одржување и прочистување на отпадоци и атмосферски води
4156	Оцаарски услуги	Оџаќарски услуги
41612	Дизајн, изградба и операционализација на експериментален погон кој не е во состојба на економски изводливо. и ком. произ	Дизајн, изградба и операционализација на експериментален погон кој не е во состојба на економски изводливо комерцијално производство
4172	трошоци за рекламен и пропаганден материјал	Трошоци за рекламен и пропаганден материјал
4192	Шпедиторски услуги	Шпедитерски услуги
421	Плата и надоместоци на плата - бруто (за администрација, управа ипродажба)	Плата и надоместоци на плата - бруто (за администрација, управа и продажба)
42111	Персонален данок на надоместоци на  плата	Персонален данок на надоместоци на плата
43020	Амортизација на алат и  погонски инвентар	Амортизација на алат и погонски инвентар
43203	Амортизација на goodwil	Амортизација на goodwill
4362	Резервирања на трошоци за преселуваењена дел од работењето во друг регион или друга земја	Резервирања на трошоци за преселување на дел од работењето во друг регион или друга земја
4416	Трошоци за образование и усовршување на вработените(семинари симпозиуми, стручно усовршување, преквалификации, јазици	Трошоци за образование и усовршување на вработените (семинари, симпозиуми, стручно усовршување, преквалификации, јазици)
44791	Трошови за радиодифузна такса	Трошоци за радиодифузна такса
44902	Косултантски, советодавни и сметководствени услуги	Консултантски, советодавни и сметководствени услуги
45	ВРЕДНОСНО УСОГЛАСУВАЊЕ (ОБЕЗВРЕДНУВАЊЕ)НА НЕТЕКОВНИ И ТЕКОВНИ СРЕДСТВА	ВРЕДНОСНО УСОГЛАСУВАЊЕ (ОБЕЗВРЕДНУВАЊЕ) НА НЕТЕКОВНИ И ТЕКОВНИ СРЕДСТВА
4503	Вредносно усогласување (обезвреднување) на вложувања на goodwil	Вредносно усогласување (обезвреднување) на вложувања на goodwill
454	Вредносно усогласување (обезвреднување) на долгорочни побарувања,депозити и слично	Вредносно усогласување (обезвреднување) на долгорочни побарувања, депозити и слично
4601	Неотпишана вредност и дополнителни трошоци врз основа на расходување  и уништени недвижности постројки и опрема	Неотпишана вредност и дополнителни трошоци врз основа на расходување и уништени недвижности постројки и опрема
4602	Неотпишана вредност и дополнителни трошоци врз основа на расходување  на алат, погонски инвентар и транспорт. средства	Неотпишана вредност и дополнителни трошоци врз основа на расходување на алат, погонски инвентар и транспорт. средства
4603	Неотпишана вредност на немате. средст., недвижности, постројки, алат,погон. инвентар, тран. сред. пренесени без надомест	Неотпишана вредност на нематеријални средства, недвижности, постројки, алат, погонски инвентар, транспортни средства пренесени без надомест
4604	Неотпишана вредност на немате. средст., недвижности, постројки, алат,погон. инвентар, транс. сред. отуѓени по др. основи	Неотпишана вредност на нематеријални средства, недвижности, постројки, алат, погонски инвентар, транспортни средства отуѓени по други основи
4607	Загуба од продажба на алат, погонски инвентср и транспортни средства	Загуба од продажба на алат, погонски инвентар и транспортни средства
465	Расходи врз основа на ефекти од договорени заштити од ризици, кои не ги исполнуваат условите да се искажат во рамките на	Расходи врз основа на ефекти од договорени заштити од ризици, кои не ги исполнуваат условите да се искажат во рамките на ревалоризационите резерви
467	Расходи за дополнително одобрени попусти, рабат, рекламации и даденипримероци	Расходи за дополнително одобрени попусти, рабат, рекламации и дадени примероци
4751	Пресметани курсни разлики по финанс. пласмани и побарува. и обвр. во странс. валута на денот на Извештајот на фин.состој	Пресметани курсни разлики по финансиски пласмани и побарувања и обврски во странска валута на денот на Извештајот за финансиската состојба
4752	Прес. курс.разл. по среден курс на НБРМ на паричните сред. во стра. валута(дев.сметка,девиз.благајна, хартии од вредност	Пресметани курсни разлики по среден курс на НБРМ на паричните средства во странска валута (девизна сметка, девизна благајна, хартии од вредност)
48	УДЕЛ ВО ЗАГУБА НА ПРИДРУЖНО ДРУШТВОИ НЕТО ЗАГУБА ОД ПРЕКИНАТО РАБОТЕЊЕ	УДЕЛ ВО ЗАГУБА НА ПРИДРУЖНО ДРУШТВО И НЕТО ЗАГУБА ОД ПРЕКИНАТО РАБОТЕЊЕ
490	Распоред на директни трошоци - за пресметка на вредност на добра(производи) и услуги	Распоред на директни трошоци - за пресметка на вредност на добра (производи) и услуги
491	Распоред на општи трошоци за пресметка на вредност на добра (производи)и услуги	Распоред на општи трошоци за пресметка на вредност на добра (производи) и услуги
5	СЛОБОДНА (ЗА ИНТЕРНА УПОТРЕБА-ПОГОНСКИ ПРЕСМЕТКИ И ДРУГИ ПОТ	СЛОБОДНА (ЗА ИНТЕРНА УПОТРЕБА-ПОГОНСКИ ПРЕСМЕТКИ И ДРУГИ ПОТРЕБИ)
51019	Останати фиксни  трошоци во погон	Останати фиксни трошоци во погон
55111	трошоци за одржување	Трошоци за одржување
6	ЗАЛИХИ НА ПРОИЗВОДСТВО, ГОТОВИ ПРОИЗВОДИ И СТОКИ,	ЗАЛИХИ НА ПРОИЗВОДСТВО, ГОТОВИ ПРОИЗВОДИ И СТОКИ, БИОЛОШКИ СРЕДСТВА И НЕТЕКОВНИ СРЕДСТВА КОИ СЕ ЧУВААТ ЗА ПРОДАЖБА И ПРЕКИНАТО РАБОТЕЊЕ
6000	Недовршено производство (по серии, носители на трошоци,места,  погони, градилишта, објекти, работни налози и слично)	Недовршено производство (по серии, носители на трошоци, места, погони, градилишта, објекти, работни налози и слично)
6001	Недовршено производство за сопствени потреби(за нетековни средства, ситен инвентар, амбалажа, за семе и слично)	Недовршено производство за сопствени потреби (за нетековни средства, ситен инвентар, амбалажа, за семе и слично)
6061	Недовршено производство, полупроизводи и делови во доработка, обработка и манипулација кај  кооперанти	Недовршено производство, полупроизводи и делови во доработка, обработка и манипулација кај кооперанти
608	Вредносно усогласување на недовршени производи - услуги,полупроизводи и делови	Вредносно усогласување на недовршени производи - услуги, полупроизводи и делови
609	Отстапување од стандардните(плански) цени на производството	Отстапување од стандардните (плански) цени на производството
6381	Вредносно усогласување на готовите производи кои ја изгубиле употрбната вредност	Вредносно усогласување на готовите производи кои ја изгубиле употребната вредност
6389	Вредносно усогласување на готовите производи  по други основи	Вредносно усогласување на готовите производи по други основи
639	Отстапување од стандардните(плански) цени на производите	Отстапување од стандардните (плански) цени на производите
6662	Стоки во доработка и обработка  во странство	Стоки во доработка и обработка во странство
67	НЕТЕКОВНИ СРЕДСТВА КОИ СЕЧУВААТ ЗА ПРОДАЖБА И ПРЕКИНАТО РАБОТЕЊЕ	НЕТЕКОВНИ СРЕДСТВА КОИ СЕ ЧУВААТ ЗА ПРОДАЖБА И ПРЕКИНАТО РАБОТЕЊЕ
674	Останати нетековни средствакои се чуваат за продажба	Останати нетековни средства кои се чуваат за продажба
6781	Вредносно усогласување на земјишта  кои се чуваат за продажба	Вредносно усогласување на земјишта кои се чуваат за продажба
6782	Вредносно усогласување на градежни објекти  кои се чуваат за продажба	Вредносно усогласување на градежни објекти кои се чуваат за продажба
6783	Вредносно усогласување на вложувања во недвижности  кои се чуваат за продажба	Вредносно усогласување на вложувања во недвижности кои се чуваат за продажба
6784	Вредносно усогласување на останати нетековни средства  кои се чуваат за продажба	Вредносно усогласување на останати нетековни средства кои се чуваат за продажба
6785	Вредносно усогласување на биолошки средства  кои се чуваат за продажба	Вредносно усогласување на биолошки средства кои се чуваат за продажба
7011	Набавна вредност на продадени добра (стоки)  во странство	Набавна вредност на продадени добра (стоки) во странство
7013	Набавна вредност на продадени добра (стоки)  во транзит	Набавна вредност на продадени добра (стоки) во транзит
7020	Набавна вредност на продадени нематеријални стедства кои се чуват за продажба	Набавна вредност на продадени нематеријални средства кои се чуваат за продажба
7029	Набавна вредност на продадени останати нетековни средства  кои се чуваат за продажба	Набавна вредност на продадени останати нетековни средства кои се чуваат за продажба
7422	Приходи од продажба на стоки  во транзит	Приходи од продажба на стоки во транзит
744	Приходи од продажба на нетековнисредства кои се чуваат за продажба и прекинато работење	Приходи од продажба на нетековни средства кои се чуваат за продажба и прекинато работење
